Row Labels,Sum of humidity,Sum of meantemp,Sum of wind_speed
1/1/2013,84.5,10,0
2/1/2013,92,7.4,2.98
3/1/2013,87,7.166666667,4.633333333
4/1/2013,71.33333333,8.666666667,1.233333333
5/1/2013,86.83333333,6,3.7
6/1/2013,82.8,7,1.48
7/1/2013,78.6,7,6.3
8/1/2013,63.71428571,8.857142857,7.142857143
9/1/2013,51.25,14,12.5
10/1/2013,62,11,7.4
11/1/2013,51.28571429,15.71428571,10.57142857
12/1/2013,74,14,13.22857143
13/1/2013,75.16666667,15.83333333,4.633333333
14/1/2013,88.16666667,12.83333333,0.616666667
15/1/2013,71.85714286,14.71428571,0.528571429
16/1/2013,86.66666667,13.83333333,0
17/1/2013,80.83333333,16.5,5.25
18/1/2013,92.16666667,13.83333333,8.95
19/1/2013,76.66666667,12.5,5.883333333
20/1/2013,75.28571429,11.28571429,8.471428571
21/1/2013,77,11.2,2.22
22/1/2013,79.66666667,9.5,3.083333333
23/1/2013,60.16666667,14,4.016666667
24/1/2013,60.66666667,13.83333333,6.166666667
25/1/2013,67,12.25,5.55
26/1/2013,64.16666667,12.66666667,6.8
27/1/2013,65.57142857,12.85714286,5.557142857
28/1/2013,56,14.83333333,3.7
29/1/2013,65.5,14.125,3.2375
30/1/2013,70.42857143,14.71428571,1.057142857
31/1/2013,65.6,16.2,2.96
1/2/2013,73,16,2.22
2/2/2013,77.57142857,16.28571429,1.328571429
3/2/2013,65.57142857,18,1.857142857
4/2/2013,74.28571429,17.42857143,11.11428571
5/2/2013,92.375,16.625,9.725
6/2/2013,71.33333333,16.66666667,8.633333333
7/2/2013,59.4,15.6,10.74
8/2/2013,70.42857143,14,9.257142857
9/2/2013,61.28571429,15.42857143,9.257142857
10/2/2013,71.5,15.25,3.475
11/2/2013,70.5,15.875,5.325
12/2/2013,70.33333333,15.33333333,7.416666667
13/2/2013,70.14285714,16.28571429,6.085714286
14/2/2013,63.83333333,17.33333333,4.333333333
15/2/2013,65.33333333,19.16666667,10.18333333
16/2/2013,92.71428571,14.42857143,8.485714286
17/2/2013,90,13.66666667,0
18/2/2013,78.4,15.6,12.22
19/2/2013,82,15.85714286,5.814285714
20/2/2013,74.71428571,17.71428571,5.814285714
21/2/2013,67.28571429,20,6.614285714
22/2/2013,65.625,20.5,10.875
23/2/2013,74.85714286,17.42857143,9.257142857
24/2/2013,78.85714286,16.85714286,7.4
25/2/2013,72.875,16.875,4.6375
26/2/2013,70,17.85714286,17.5875
27/2/2013,57.2,20.8,6.66
28/2/2013,52.85714286,19.42857143,12.95714286
1/3/2013,49.33333333,17.33333333,24.06666667
2/3/2013,54,19,15.725
3/3/2013,62.83333333,19.33333333,8.633333333
4/3/2013,71,17.6,5.56
5/3/2013,61.875,20.875,4.1625
6/3/2013,65.28571429,20.85714286,6.871428571
7/3/2013,57.14285714,23.42857143,8.728571429
8/3/2013,44.83333333,24.16666667,7.1
9/3/2013,49.71428571,25.42857143,5.285714286
10/3/2013,57.57142857,23.14285714,4.228571429
11/3/2013,66.33333333,24,0.933333333
12/3/2013,62.5,23.5,4.933333333
13/3/2013,70.5,21.5,5.55
14/3/2013,61.16666667,22.33333333,12.03333333
15/3/2013,45.83333333,24.16666667,7.716666667
16/3/2013,67.66666667,20.33333333,3.7
17/3/2013,58.66666667,22.66666667,8.95
18/3/2013,58.14285714,23.42857143,17.45714286
19/3/2013,73.66666667,22.5,10.48333333
20/3/2013,36.33333333,29.16666667,6.8
21/3/2013,58.5,23.83333333,10.5
22/3/2013,50.25,25.25,9.7125
23/3/2013,50.125,27.375,9.95
24/3/2013,48.75,27,10.8875
25/3/2013,45.5,23.5,15.9625
26/3/2013,44.57142857,24.14285714,12.95714286
27/3/2013,62,21,1.85
28/3/2013,62.71428571,22.42857143,7.414285714
29/3/2013,70.375,21.25,5.55
30/3/2013,54.75,23.5,11.1125
31/3/2013,58,23.2,6.66
1/4/2013,45.5,25.375,4.4
2/4/2013,51,25.16666667,8.65
3/4/2013,45.6,26.2,8.14
4/4/2013,41.8,24.6,11.12
5/4/2013,31,25.6,15.56
6/4/2013,29.85714286,25.85714286,11.9
7/4/2013,23.28571429,29.14285714,10.31428571
8/4/2013,33.85714286,28.71428571,5.3
9/4/2013,30.5,30.16666667,8.65
10/4/2013,28,30,6.1
11/4/2013,24.2,30,7.78
12/4/2013,32.57142857,28.85714286,6.342857143
13/4/2013,29.2,30.2,10
14/4/2013,39.375,28.25,6.4875
15/4/2013,41.375,28.25,6.25
16/4/2013,24.625,32.125,10.425
17/4/2013,24.2,29.2,6.66
18/4/2013,30.28571429,30.28571429,4.757142857
19/4/2013,31.28571429,28.28571429,3.971428571
20/4/2013,29,30.625,7.6375
21/4/2013,38.66666667,27.66666667,13.88333333
22/4/2013,45.375,27.375,7.65
23/4/2013,44.125,28.625,4.625
24/4/2013,41.71428571,30.28571429,2.114285714
25/4/2013,38.28571429,31.14285714,3.7
26/4/2013,45.875,29.875,6.7125
27/4/2013,31.42857143,31.14285714,13.48571429
28/4/2013,28,30.57142857,12.97142857
29/4/2013,26.375,32.125,7.875
30/4/2013,32,31.14285714,7.928571429
1/5/2013,15.85714286,31.85714286,12.68571429
2/5/2013,22.16666667,29.83333333,11.43333333
3/5/2013,31.57142857,28.57142857,9
4/5/2013,31.42857143,32.85714286,2.914285714
5/5/2013,31.125,32.625,3.0125
6/5/2013,39.25,32.75,3.7
7/5/2013,33.25,32.875,7.175
8/5/2013,23,34.5,9.25
9/5/2013,26,34.28571429,8.985714286
10/5/2013,27.71428571,34,9.528571429
11/5/2013,30.375,30.75,14.8125
12/5/2013,40.14285714,29.85714286,5.828571429
13/5/2013,34,31.71428571,3.971428571
14/5/2013,34.28571429,32.28571429,4.771428571
15/5/2013,33,33,3.2375
16/5/2013,34.75,33,7.175
17/5/2013,28.16666667,32.83333333,9.866666667
18/5/2013,42.2,31.4,12.96666667
19/5/2013,22.33333333,35.33333333,15.75
20/5/2013,24.2,36.4,7.4
21/5/2013,19,36,11.37142857
22/5/2013,22.125,36.75,17.5875
23/5/2013,23.33333333,37.5,13.56666667
24/5/2013,27.42857143,38.42857143,11.38571429
25/5/2013,22.42857143,38.71428571,10.31428571
26/5/2013,21.2,37.8,10.74
27/5/2013,31.57142857,35.85714286,8.728571429
28/5/2013,29,35.33333333,8.333333333
29/5/2013,27.85714286,34.14285714,5.557142857
30/5/2013,28.2,32.2,5.56
31/5/2013,40.125,33.625,10.6375
1/6/2013,54,32,13.4375
2/6/2013,56.6,32.4,14.2
3/6/2013,47,35.6,12.24
4/6/2013,42.57142857,35.85714286,5.028571429
5/6/2013,36.5,37.16666667,9.866666667
6/6/2013,61.71428571,31.28571429,10.04285714
7/6/2013,49.25,34,7.4125
8/6/2013,57.4,34.2,13.34
9/6/2013,40,36.16666667,11.41666667
10/6/2013,42.75,36.625,8.1
11/6/2013,61.66666667,30.16666667,16.35
12/6/2013,54.14285714,34.14285714,7.414285714
13/6/2013,68.66666667,29.83333333,9.866666667
14/6/2013,68.14285714,30.14285714,7.942857143
15/6/2013,65,30.71428571,13.22857143
16/6/2013,88.85714286,27,8.485714286
17/6/2013,87.375,26.875,8.3375
18/6/2013,83.6,28.4,5.18
19/6/2013,72.85714286,29.85714286,4.228571429
20/6/2013,52.71428571,33,4.771428571
21/6/2013,47.33333333,34.83333333,5.866666667
22/6/2013,39.4,35.6,10.74
23/6/2013,53,35.16666667,8.35
24/6/2013,55,33.14285714,13.22857143
25/6/2013,70.42857143,30.57142857,11.11428571
26/6/2013,71.5,30.66666667,6.483333333
27/6/2013,61.85714286,31.42857143,7.957142857
28/6/2013,64.25,31.5,8.8125
29/6/2013,57,33.25,13.875
30/6/2013,52.16666667,32.83333333,10.5
1/7/2013,54,33.85714286,8.728571429
2/7/2013,58.28571429,33.14285714,9.8
3/7/2013,70,31.57142857,6.357142857
4/7/2013,67.5,32.375,9.25
5/7/2013,62.2,32.8,12.96
6/7/2013,73.14285714,31,11.37142857
7/7/2013,77.33333333,31.16666667,7.1
8/7/2013,75.16666667,29.83333333,6.483333333
9/7/2013,78.83333333,29,8.016666667
10/7/2013,75.375,29.75,6.4875
11/7/2013,65.5,32.5,7.116666667
12/7/2013,86.625,28.875,5.5625
13/7/2013,70.25,31.75,12.0625
14/7/2013,71.625,30.75,4.8125
15/7/2013,73.25,31.75,13.5375
16/7/2013,83.875,29.875,9
17/7/2013,78.375,31.125,8.65
18/7/2013,76,31.75,5.55
19/7/2013,73.5,30.5,9.266666667
20/7/2013,90.66666667,26.83333333,4.933333333
21/7/2013,88,28.2,2.24
22/7/2013,80.33333333,29.5,4.333333333
23/7/2013,70.71428571,31.85714286,3.971428571
24/7/2013,84.14285714,29.71428571,3.971428571
25/7/2013,84.5,28.33333333,8.016666667
26/7/2013,73.85714286,30,5.571428571
27/7/2013,79,30.14285714,4.228571429
28/7/2013,67.42857143,32.28571429,6.085714286
29/7/2013,77.42857143,31,4.771428571
30/7/2013,75.66666667,30.5,8.016666667
31/7/2013,78.5,28.83333333,9.866666667
1/8/2013,73.5,30,5.55
2/8/2013,66.42857143,31.57142857,11.11428571
3/8/2013,62.33333333,32.5,10.81666667
4/8/2013,62.5,32.5,5.1
5/8/2013,77,29.5,6.783333333
6/8/2013,90.66666667,27.16666667,4.016666667
7/8/2013,85.25,28.375,3.25
8/8/2013,84,28.5,6.166666667
9/8/2013,87.5,27.16666667,3.716666667
10/8/2013,79.85714286,29.42857143,6.1
11/8/2013,76.83333333,30,6.8
12/8/2013,81.5,29.5,8.35
13/8/2013,72,30.75,11.125
14/8/2013,74.33333333,29.66666667,9.866666667
15/8/2013,85,27.71428571,8.2
16/8/2013,92,26.6,4.46
17/8/2013,91,27.42857143,14.28571429
18/8/2013,83.83333333,28.33333333,1.233333333
19/8/2013,84.66666667,28.16666667,5.55
20/8/2013,88.5,27.375,5.325
21/8/2013,81.16666667,28.33333333,10.31428571
22/8/2013,74.83333333,29.16666667,6.483333333
23/8/2013,73.14285714,31.28571429,2.642857143
24/8/2013,71.25,32,18.525
25/8/2013,90.75,29,0.925
26/8/2013,69.875,32,6.475
27/8/2013,57.28571429,32.14285714,17.07142857
28/8/2013,60.71428571,30.14285714,11.64285714
29/8/2013,57,31.5,9.275
30/8/2013,73,29.16666667,3.1
31/8/2013,71.75,29,4.65
1/9/2013,65.2,30,11.48
2/9/2013,50.85714286,31.85714286,15.34285714
3/9/2013,45.5,32.75,14.8
4/9/2013,48,31.71428571,14.54285714
5/9/2013,46,31.66666667,13.56666667
6/9/2013,55.71428571,30.57142857,10.04285714
7/9/2013,51.83333333,30.83333333,6.783333333
8/9/2013,71.75,28,2.325
9/9/2013,57.5,31,42.22
10/9/2013,66.33333333,29.66666667,3.7
11/9/2013,61.14285714,30.85714286,3.971428571
12/9/2013,60.33333333,31.16666667,2.783333333
13/9/2013,67.14285714,31.14285714,3.171428571
14/9/2013,67,30.5,2.783333333
15/9/2013,56.375,31.625,3.9375
16/9/2013,60,29.66666667,7.1
17/9/2013,56.5,29.25,3.475
18/9/2013,58.57142857,29.14285714,5.557142857
19/9/2013,61.6,29.8,2.96
20/9/2013,70,28.66666667,9.583333333
21/9/2013,89,25.2,5.18
22/9/2013,79.66666667,28.33333333,3.083333333
23/9/2013,68,30.28571429,4.5
24/9/2013,65.75,30.75,5.7875
25/9/2013,75,28.57142857,6.614285714
26/9/2013,78.8,28.2,4.08
27/9/2013,71.25,29,7.4125
28/9/2013,67.33333333,30,1.233333333
29/9/2013,79.85714286,28.14285714,5.557142857
30/9/2013,84.57142857,26.85714286,4.228571429
1/10/2013,68.71428571,28.28571429,6.371428571
2/10/2013,61.4,29.2,7.42
3/10/2013,59,28.6,7.4
4/10/2013,84.33333333,24.83333333,6.783333333
5/10/2013,69,28.5,2.0875
6/10/2013,66.5,29.75,1.85
7/10/2013,66.57142857,29.71428571,1.585714286
8/10/2013,69.4,29.2,0
9/10/2013,65.5,30.83333333,5.566666667
10/10/2013,66.28571429,29.42857143,3.971428571
11/10/2013,89.85714286,23.85714286,4.242857143
12/10/2013,82.57142857,26.14285714,2.914285714
13/10/2013,84.33333333,27.16666667,0.616666667
14/10/2013,74.85714286,27.71428571,5.557142857
15/10/2013,76.42857143,25.85714286,3.7
16/10/2013,75,26.42857143,0
17/10/2013,76.71428571,26.85714286,1.057142857
18/10/2013,73.16666667,26.33333333,0
19/10/2013,69.57142857,24.57142857,2.114285714
20/10/2013,67.83333333,24.33333333,1.55
21/10/2013,63.625,24.875,1.3875
22/10/2013,53.6,27.8,0
23/10/2013,67.5,25,1.1625
24/10/2013,73.14285714,23.85714286,1.057142857
25/10/2013,75.8,22.8,1.86
26/10/2013,78.2,23,0.74
27/10/2013,66.875,22.875,2.55
28/10/2013,63.16666667,22.66666667,4.933333333
29/10/2013,62.71428571,23,3.971428571
30/10/2013,67.42857143,22.85714286,2.385714286
31/10/2013,58.83333333,23.66666667,3.083333333
1/11/2013,69.14285714,23.42857143,1.057142857
2/11/2013,65,21.625,4.6375
3/11/2013,57.875,20.625,5.5625
4/11/2013,54.16666667,21.16666667,2.466666667
5/11/2013,74.33333333,18.83333333,0
6/11/2013,66.71428571,20.57142857,3.185714286
7/11/2013,73.14285714,20.14285714,4.5
8/11/2013,82.2,18,19.9125
9/11/2013,73.57142857,19.85714286,0.528571429
10/11/2013,72,16.83333333,2.466666667
11/11/2013,61.85714286,18.85714286,5.814285714
12/11/2013,71.71428571,16.57142857,0.8
13/11/2013,65,17.75,3.0125
14/11/2013,63.375,17.625,3.475
15/11/2013,67,17,0.925
16/11/2013,69.625,16.625,0
17/11/2013,67.42857143,15.57142857,2.385714286
18/11/2013,55.125,18.5,7.4125
19/11/2013,63.5,17.875,7.175
20/11/2013,58.875,18.25,2.55
21/11/2013,66.25,17.875,2.0875
22/11/2013,74.875,17.625,1.1625
23/11/2013,77.85714286,18.14285714,0.8
24/11/2013,58.875,19.125,5.0875
25/11/2013,49.875,21.25,9.5
26/11/2013,51.375,21.25,9.75
27/11/2013,68.5,19.125,2.7875
28/11/2013,71.875,18.625,1.85
29/11/2013,66.625,17.75,4.8625
30/11/2013,69.625,17.875,11.8125
1/12/2013,65,18,1.585714286
2/12/2013,73.25,17.25,1.85
3/12/2013,73.5,17.5,1.3875
4/12/2013,71.85714286,17.14285714,4.228571429
5/12/2013,69,17.14285714,6.885714286
6/12/2013,72.375,16.125,3.7125
7/12/2013,80.5,16,1.1625
8/12/2013,83.625,16.5,0
9/12/2013,79.25,16.125,2.3125
10/12/2013,81.75,15.5,2.55
11/12/2013,71.875,16.625,6.475
12/12/2013,62.375,17.75,16.9
13/12/2013,67.71428571,17.14285714,11.62857143
14/12/2013,79,16.14285714,0.8
15/12/2013,86.25,15.5,2.55
16/12/2013,89.5,15.25,1.1625
17/12/2013,92.875,14.75,0.925
18/12/2013,93,14.875,2.0875
19/12/2013,89.125,16.125,3.25
20/12/2013,91.375,15.375,4.4125
21/12/2013,94,14.75,0.4625
22/12/2013,94,15.25,1.3875
23/12/2013,88.25,14.25,9.025
24/12/2013,84.75,13.5,5.7875
25/12/2013,63.16666667,13.66666667,34.4875
26/12/2013,67.625,12.125,4.4
27/12/2013,79.875,11.875,1.1625
28/12/2013,70,10.875,5.325
29/12/2013,69.42857143,10.57142857,5.325
30/12/2013,79.5,12.375,6.475
31/12/2013,89.375,14.5,4.8625
1/1/2014,89.625,13.375,7.65
2/1/2014,78.375,11,8.1
3/1/2014,74.875,12.5,5.325
4/1/2014,88.125,12.875,1.1625
5/1/2014,89,12.375,0.4625
6/1/2014,86.28571429,11.42857143,27.3375
7/1/2014,72.28571429,12.14285714,20.6
8/1/2014,76.875,11.875,1.85
9/1/2014,83,12.83333333,1.233333333
10/1/2014,85.375,12.375,0
11/1/2014,82.625,12.125,6.725
12/1/2014,80.875,12.875,3.25
13/1/2014,72.375,14,1.1625
14/1/2014,76.75,14.875,2.7875
15/1/2014,93.5,12,0.4625
16/1/2014,90.57142857,12.28571429,1.585714286
17/1/2014,95.75,12,1.1625
18/1/2014,94.25,12.5,1.85
19/1/2014,84.5,14.5,3.475
20/1/2014,83.5,14.625,4.4125
21/1/2014,96.85714286,13.57142857,7.171428571
22/1/2014,96.125,15.25,6.7125
23/1/2014,90.125,15.625,6.7125
24/1/2014,88.875,13.875,8.1125
25/1/2014,95.625,11.75,8.3375
26/1/2014,85.75,14.375,8.8125
27/1/2014,72.375,16.625,9.95
28/1/2014,69.875,16.625,7.4125
29/1/2014,81.875,14.875,4.625
30/1/2014,83.25,14.5,0.925
31/1/2014,82.5,14.75,3.0125
1/2/2014,79.375,14,2.55
2/2/2014,76.125,15.25,1.85
3/2/2014,63.85714286,18.42857143,12.2875
4/2/2014,65.42857143,18.85714286,13.425
5/2/2014,72.75,17,1.625
6/2/2014,65.375,18.5,6.0125
7/2/2014,67.25,19.625,15.05
8/2/2014,85.375,13.625,8.1125
9/2/2014,63.375,12.875,9.2625
10/2/2014,61.75,12.625,3.7
11/2/2014,64.625,13.375,3.7
12/2/2014,67,13.25,9.2625
13/2/2014,64.5,15.25,4.875
14/2/2014,95.5,13,5.3375
15/2/2014,89.5,12.375,3.9375
16/2/2014,79,13.5,8.7875
17/2/2014,66.125,15.125,12.725
18/2/2014,60.125,15.25,8.8
19/2/2014,75.375,15.125,1.85
20/2/2014,78.625,16.125,1.8625
21/2/2014,72.25,17.125,8.7875
22/2/2014,85.625,16.625,6.25
23/2/2014,80,16.5,7.8875
24/2/2014,69.375,16.375,5.3375
25/2/2014,69,18.125,0.925
26/2/2014,71.125,18.75,2.0875
27/2/2014,76.625,18.625,7.175
28/2/2014,88.375,15.625,5.8
1/3/2014,87.28571429,16.14285714,4.242857143
2/3/2014,79,16.125,5.7875
3/3/2014,65.625,17.875,3.7
4/3/2014,66.375,18.75,3.7125
5/3/2014,67,18.875,5.325
6/3/2014,64,18.375,4.6375
7/3/2014,62.875,18.5,6.7125
8/3/2014,63.875,19.875,9.9625
9/3/2014,56.625,22,7.65
10/3/2014,63.875,20,10.8875
11/3/2014,70,20.71428571,15.6
12/3/2014,68.875,20,6.4875
13/3/2014,60.625,19,9.95
14/3/2014,61.25,19.625,5.8
15/3/2014,62.625,21.625,2.7875
16/3/2014,58.5,23.125,6.25
17/3/2014,52.125,26.25,6.7125
18/3/2014,53.42857143,24.85714286,9.8
19/3/2014,57.375,21.75,10.1875
20/3/2014,55,21.5,7.4
21/3/2014,64.75,22.5,5.3375
22/3/2014,59.5,25,3.0125
23/3/2014,61.875,22.75,9.025
24/3/2014,73.125,22.375,9.4875
25/3/2014,60.25,24.625,2.775
26/3/2014,58.875,25.125,2.775
27/3/2014,63.25,23.5,4.8875
28/3/2014,67.57142857,24.42857143,4.5
29/3/2014,55.625,25.875,8.35
30/3/2014,46.75,24.125,13.9
31/3/2014,44.125,24.125,13.2
1/4/2014,45.75,24.875,9.7125
2/4/2014,43.375,26.75,7.175
3/4/2014,48,25,10.425
4/4/2014,47.85714286,25.85714286,11.91428571
5/4/2014,44,27.375,9.2625
6/4/2014,45.25,30.125,6.7125
7/4/2014,47.625,27.25,12.9625
8/4/2014,41.875,25.75,12.725
9/4/2014,35.25,25.75,12.7375
10/4/2014,29.25,26.375,12.5
11/4/2014,29,28.14285714,10.05714286
12/4/2014,39.875,29.125,5.1
13/4/2014,40.375,26.875,15.5125
14/4/2014,46.625,27.625,5.35
15/4/2014,48.125,29,2.55
16/4/2014,53.625,27.125,4.4
17/4/2014,49.625,26.375,9.25
18/4/2014,64.375,24.25,14.3375
19/4/2014,57.875,25.625,5.1
20/4/2014,48,27,4.6375
21/4/2014,33.125,28,8.8125
22/4/2014,29.375,29.375,12.5
23/4/2014,37,29.125,6.025
24/4/2014,35.875,29.375,7.875
25/4/2014,34.375,30.625,8.1125
26/4/2014,32,31.5,8.1125
27/4/2014,30,30.625,8.35
28/4/2014,27.875,31.5,10.1875
29/4/2014,28.875,32.125,8.325
30/4/2014,25.5,33.25,5.3375
1/5/2014,22.5,34.875,9.7375
2/5/2014,24.75,34.375,6.4875
3/5/2014,33.375,31.75,6.475
4/5/2014,34.375,31.875,5.8
5/5/2014,53.25,29.75,9.0375
6/5/2014,51.14285714,29.57142857,6.885714286
7/5/2014,48.625,31.75,1.85
8/5/2014,43,31.375,10.6625
9/5/2014,39.625,30.5,6.4875
10/5/2014,37.625,30,7.8875
11/5/2014,40.375,29.625,7.65
12/5/2014,53.375,28,10.8875
13/5/2014,65.75,25.25,9.9625
14/5/2014,55.25,26.875,8.575
15/5/2014,39.875,29.5,11.125
16/5/2014,40.25,31.125,9.4875
17/5/2014,47.625,29.875,7.175
18/5/2014,35.375,31.5,13.9
19/5/2014,29.5,32.375,11.575
20/5/2014,34,31.125,7.6375
21/5/2014,32.5,33,9.7125
22/5/2014,33.375,33.25,11.1125
23/5/2014,32.75,34.625,19.45
24/5/2014,50.5,31.5,6.725
25/5/2014,43.25,31.5,16.4375
26/5/2014,54.125,30.125,4.175
27/5/2014,49.75,31.875,2.55
28/5/2014,44.5,33.625,3.95
29/5/2014,40.125,35.25,4.4
30/5/2014,44.5,33.125,11.5875
31/5/2014,39,34.625,6.4875
1/6/2014,34.25,32.75,16.2
2/6/2014,41.375,32.75,4.6375
3/6/2014,33.625,34.875,6.4875
4/6/2014,33.125,35.25,7.1875
5/6/2014,26.875,36.875,8.5625
6/6/2014,27.625,37.5,10.2
7/6/2014,22.75,38.5,13.1875
8/6/2014,26.25,37.625,6.725
9/6/2014,32.125,37.875,6.025
10/6/2014,20.875,37.25,12.0375
11/6/2014,23.125,37.625,14.8125
12/6/2014,39.25,32.875,24.325
13/6/2014,55.125,30.25,16.6625
14/6/2014,66.875,30.5,6.4875
15/6/2014,52,33.875,8.1
16/6/2014,41.375,36.375,10.8875
17/6/2014,42.125,36.875,15.9625
18/6/2014,58,33.875,10.425
19/6/2014,47.875,35.75,10.8875
20/6/2014,36.125,38,17.825
21/6/2014,40.125,36.875,9.7375
22/6/2014,46.75,34.5,4.4
23/6/2014,49.75,32.125,6.7125
24/6/2014,46.25,33,10.1875
25/6/2014,53.25,32.25,13.2
26/6/2014,60.375,32.5,3.2375
27/6/2014,48.5,34.75,9.4875
28/6/2014,49,34.875,5.7875
29/6/2014,57.75,33,9.7125
30/6/2014,67.75,32,3.25
1/7/2014,65.125,31.375,6.25
2/7/2014,71.375,29.5,5.7875
3/7/2014,75.125,28.875,5.0875
4/7/2014,69,31.38888889,4.333333333
5/7/2014,52.05882353,34.70588235,9.202941176
6/7/2014,61.125,30.625,3.7125
7/7/2014,48.75,34,5.5625
8/7/2014,39.5,35,9.725
9/7/2014,37.125,36,13.65
10/7/2014,38.75,36.125,11.3375
11/7/2014,38.625,36.625,8.7875
12/7/2014,51.375,35.875,5.3375
13/7/2014,69.75,31.625,6.025
14/7/2014,67.875,32.375,6.725
15/7/2014,62.625,33.125,8.825
16/7/2014,63,32.625,10.45
17/7/2014,74.25,30.75,6.725
18/7/2014,83.875,27.25,2.55
19/7/2014,71,29.875,6.25
20/7/2014,68.875,30.875,6.2625
21/7/2014,65.5,32.125,4.65
22/7/2014,69.75,31.625,7.175
23/7/2014,72.875,30.625,8.1125
24/7/2014,63.625,30.5,12.0375
25/7/2014,63.25,30.75,9.9625
26/7/2014,61.5,32.5,7.175
27/7/2014,65.42857143,31.71428571,6.25
28/7/2014,75.75,30,18.05
29/7/2014,69.875,30.25,5.7875
30/7/2014,65.75,31.875,4.175
31/7/2014,65.75,32.5,7.425
1/8/2014,59.5,33.25,6.5
2/8/2014,77.75,30.125,0.925
3/8/2014,66.25,31.5,5.7875
4/8/2014,69.75,30.5,5.1
5/8/2014,77.5,29.75,1.85
6/8/2014,65,32.125,5.5625
7/8/2014,65.375,31.125,6.95
8/8/2014,67.875,31,6.0125
9/8/2014,80.47058824,29.23529412,6.652941176
10/8/2014,89.90625,28.5,5.225
11/8/2014,72.125,31.125,3.0125
12/8/2014,57.5,32.125,8.3375
13/8/2014,57.71428571,32.125,20.825
14/8/2014,57.5,30.375,18.5125
15/8/2014,54.875,31.125,14.5875
16/8/2014,59.85714286,30.42857143,8.35
17/8/2014,53.875,31.375,7.1875
18/8/2014,56.625,31.875,5.5625
19/8/2014,52.42857143,33,6.885714286
20/8/2014,47.125,33.25,8.7875
21/8/2014,43,32.5,10.8875
22/8/2014,47.125,33,8.5625
23/8/2014,45.75,33.125,9.2625
24/8/2014,46.25,33.125,11.35
25/8/2014,46.625,33.875,7.875
26/8/2014,40.25,34.125,9.9625
27/8/2014,44.71428571,33.85714286,8.1125
28/8/2014,67.75,29.625,6.725
29/8/2014,69.25,30.375,3.7
30/8/2014,78.125,28.625,4.1625
31/8/2014,86.125,27.625,4.4125
1/9/2014,65.85714286,29.42857143,15.5125
2/9/2014,71,29.25,10.425
3/9/2014,77.875,28.625,15.0375
4/9/2014,80.75,27.875,9.275
5/9/2014,85.75,26.5,8.3375
6/9/2014,76.875,28.5,2.0875
7/9/2014,67.625,31,1.4
8/9/2014,66.375,31.25,3.475
9/9/2014,70.125,31,1.85
10/9/2014,77.5,28.75,4.875
11/9/2014,85.71428571,26.57142857,17.825
12/9/2014,73,28.5,1.625
13/9/2014,68.25,29.375,4.1625
14/9/2014,65.5,29.125,6.7125
15/9/2014,63.125,29.625,6.7125
16/9/2014,65.125,30.625,6.25
17/9/2014,61.875,30.625,7.4
18/9/2014,62.375,30.5,6.7125
19/9/2014,56.625,31,4.175
20/9/2014,55.75,31.125,4.4
21/9/2014,54.875,30.5,5.5625
22/9/2014,50,30.625,13.4375
23/9/2014,47,31,30.68571429
24/9/2014,53,29.625,8.1
25/9/2014,52.5,30,9.725
26/9/2014,52.5,30,5.7875
27/9/2014,46.875,30.5,8.8
28/9/2014,48.875,30.25,7.175
29/9/2014,48.75,30.5,7.4125
30/9/2014,50.125,30.625,6.7125
1/10/2014,52.85714286,30.42857143,3.171428571
2/10/2014,53.375,30.375,2.7875
3/10/2014,52.625,30.5,1.85
4/10/2014,53.5,31,0
5/10/2014,56.125,30.625,0
6/10/2014,56.75,30.625,0
7/10/2014,59.375,31,1.1625
8/10/2014,52.75,28.75,3.7125
9/10/2014,49.875,27.625,3.2375
10/10/2014,57.375,27.125,3.2375
11/10/2014,57.14285714,25.71428571,6.9375
12/10/2014,58.625,26,0.4625
13/10/2014,59.75,27.625,8.8
14/10/2014,67.625,24.5,5.325
15/10/2014,68,24.5,3.2625
16/10/2014,58.875,23,4.8625
17/10/2014,47.66666667,25,25.0125
18/10/2014,56.14285714,24,21.3
19/10/2014,57.75,23.75,4.1625
20/10/2014,55.625,24.75,4.4
21/10/2014,56.125,25.625,2.0875
22/10/2014,64.875,25.75,0.4625
23/10/2014,66,25.25,0.925
24/10/2014,67.5,25.5,1.85
25/10/2014,67.125,25.25,0.925
26/10/2014,65.5,25.125,2.0875
27/10/2014,62.875,24.875,1.8625
28/10/2014,64.75,25.125,2.5625
29/10/2014,65.75,24.75,1.625
30/10/2014,61.375,23.875,1.85
31/10/2014,58.25,23.375,3.7125
1/11/2014,50.875,22.5,5.325
2/11/2014,49.125,22.875,7.1875
3/11/2014,52.75,23.375,4.1625
4/11/2014,56.625,23.625,3.9375
5/11/2014,56.25,22.75,4.625
6/11/2014,56.25,23,6.25
7/11/2014,66.125,24,2.3125
8/11/2014,66.25,23.875,1.625
9/11/2014,56.375,24.125,4.1625
10/11/2014,52.125,21.375,3.475
11/11/2014,55.125,19.25,2.325
12/11/2014,52,19.625,2.3125
13/11/2014,50.5,18.5,3.2375
14/11/2014,43,18.375,7.4125
15/11/2014,44.75,18.625,2.775
16/11/2014,47.625,18.25,2.55
17/11/2014,51.75,17.75,2.775
18/11/2014,53,17.625,2.0875
19/11/2014,58.125,17.5,1.1625
20/11/2014,54.625,20.375,3.025
21/11/2014,62.125,18.25,3.2375
22/11/2014,58.875,19.875,1.625
23/11/2014,57.375,17.125,1.3875
24/11/2014,52.25,16.875,4.175
25/11/2014,51.5,16.5,2.55
26/11/2014,51,19.625,5.55
27/11/2014,63.875,18.125,0
28/11/2014,67.375,19.375,0
29/11/2014,67.625,20.25,0
30/11/2014,54.75,19.75,2.55
1/12/2014,42.625,20,8.8
2/12/2014,47.625,21.375,7.875
3/12/2014,66.57142857,25,11.37142857
4/12/2014,68.875,21.25,4.8625
5/12/2014,59.875,17.75,2.55
6/12/2014,48.875,18.25,4.8625
7/12/2014,48.375,17.25,4.8625
8/12/2014,49.875,17,2.775
9/12/2014,67.57142857,15.28571429,0
10/12/2014,65.5,21.5,4.8625
11/12/2014,70.5,19.625,3.25
12/12/2014,65.625,17.5,0.4625
13/12/2014,71.875,16,8.8
14/12/2014,86.625,16.875,3.95
15/12/2014,75.75,16.625,2.325
16/12/2014,72.375,17.75,7.425
17/12/2014,72.125,12.875,6.4875
18/12/2014,79.75,11.75,3.0125
19/12/2014,81.75,11.75,0.4625
20/12/2014,77,11.25,5.8
21/12/2014,79.125,9.5,0.925
22/12/2014,85,9.375,1.3875
23/12/2014,78.625,9.625,1.625
24/12/2014,83,9.875,3.475
25/12/2014,81.125,9.25,8.1
26/12/2014,77,10.75,7.6375
27/12/2014,69,10.375,2.775
28/12/2014,86,9,0.7
29/12/2014,72.625,11.125,1.3875
30/12/2014,70.625,11.625,2.55
31/12/2014,67.125,12.375,2.7875
1/1/2015,72,14.75,0.925
2/1/2015,96.625,14.875,3.0125
3/1/2015,92,15.125,0.925
4/1/2015,78.75,14.125,9.5125
5/1/2015,69.375,14,15.05
6/1/2015,79.875,12,4.4
7/1/2015,86,9.625,3.9375
8/1/2015,87.875,10,3.4875
9/1/2015,80.625,10.625,1.625
10/1/2015,73.125,11.125,4.4125
11/1/2015,80.75,11,4.8625
12/1/2015,79.5,10.625,0.925
13/1/2015,77.875,12.25,4.875
14/1/2015,82.25,12,5.1
15/1/2015,79.125,12.375,0.925
16/1/2015,78.125,13,4.6375
17/1/2015,76.625,13.5,1.8625
18/1/2015,73.875,13,2.55
19/1/2015,78,13.75,1.85
20/1/2015,74.375,13.375,7.1875
21/1/2015,73.375,13.25,3.7
22/1/2015,94.125,12.625,3.2375
23/1/2015,85,14.625,1.1625
24/1/2015,86.25,12.375,9.7375
25/1/2015,77.75,13.25,4.1625
26/1/2015,88.125,13.75,0.925
27/1/2015,74.25,13.25,5.3375
28/1/2015,67,11.71428571,27.775
29/1/2015,67.5,11.5,3.9375
30/1/2015,56.125,12.75,12.0375
31/1/2015,57.625,13.75,9.025
1/2/2015,65.25,15,5.1
2/2/2015,63.875,17.375,11.8125
3/2/2015,71.25,16.75,7.175
4/2/2015,81.125,14.625,9.25
5/2/2015,62.875,14.625,7.4
6/2/2015,62.625,15.125,3.0125
7/2/2015,67.625,15.875,1.85
8/2/2015,63.875,16.625,4.4125
9/2/2015,63.5,16.875,5.55
10/2/2015,64,15.75,4.625
11/2/2015,66.625,16,1.85
12/2/2015,69.625,15.5,6.025
13/2/2015,59,17.25,6.725
14/2/2015,63.125,19.375,4.1625
15/2/2015,70.125,18.875,1.3875
16/2/2015,71.25,20.625,10.425
17/2/2015,72.57142857,21.14285714,5.028571429
18/2/2015,72.875,21.25,5.1
19/2/2015,73.5,22.75,7.65
20/2/2015,67.125,22.75,7.1875
21/2/2015,63.5,21.875,11.3375
22/2/2015,58.85714286,22.14285714,14.8125
23/2/2015,74.375,21.5,3.025
24/2/2015,72.375,22.875,6.0375
25/2/2015,58.625,23.125,6.5
26/2/2015,34.375,20,6.7125
27/2/2015,43.125,19.25,5.8
28/2/2015,45.5,21.25,6.95
1/3/2015,92.75,17.375,14.8125
2/3/2015,89.875,17.5,6.725
3/3/2015,82.5,16.25,5.5625
4/3/2015,69.25,16.75,6.7125
5/3/2015,64,18.75,3.7
6/3/2015,62.375,20,5.0875
7/3/2015,80.375,18.375,4.175
8/3/2015,74.125,19.5,7.8875
9/3/2015,54.25,18.125,12.2625
10/3/2015,68.5,17.75,8.5625
11/3/2015,69.875,18.25,6.025
12/3/2015,63.375,20.5,5.325
13/3/2015,65.25,21.375,4.175
14/3/2015,64.625,21.5,7.875
15/3/2015,89.125,17.625,11.575
16/3/2015,81.85714286,19.85714286,8.5625
17/3/2015,70.375,20.875,13.2
18/3/2015,69.625,20.25,12.2625
19/3/2015,66,21.125,5.3375
20/3/2015,65.75,22.5,9.025
21/3/2015,60.5,24.875,5.7875
22/3/2015,64,25.125,10.2
23/3/2015,65.75,24.75,7.6375
24/3/2015,65.5,25.75,1.3875
25/3/2015,65.625,26.625,2.55
26/3/2015,54.375,28.5,9.2625
27/3/2015,51.375,27.375,7.65
28/3/2015,53.625,27,3.7125
29/3/2015,52.75,25,13.1875
30/3/2015,66.25,23.5,14.8125
31/3/2015,64.875,25.25,3.7
1/4/2015,59.71428571,26.42857143,6.7125
2/4/2015,45.28571429,28.71428571,10.175
3/4/2015,71.125,24.5,6.9625
4/4/2015,77.5,21,1.3875
5/4/2015,67.71428571,23.57142857,17.6
6/4/2015,60.125,25,2.775
7/4/2015,62.125,23.75,9.7375
8/4/2015,50.375,25.625,6.7125
9/4/2015,52.875,26,9.0375
10/4/2015,52.25,27.125,6.25
11/4/2015,44.875,28.25,8.1
12/4/2015,63,24.375,5.325
13/4/2015,70.875,24.75,6.95
14/4/2015,62.75,26.25,3.0125
15/4/2015,59.25,27.625,5.7875
16/4/2015,58.25,25.25,8.1125
17/4/2015,48.75,28.125,8.3375
18/4/2015,44.5,30.125,5.5625
19/4/2015,41,32.125,4.175
20/4/2015,37.875,32.875,7.1875
21/4/2015,28.5,31.75,11.1125
22/4/2015,30.25,30.75,11.35
23/4/2015,33,30.75,8.1
24/4/2015,39.5,31.125,2.55
25/4/2015,43.125,30.5,12.975
26/4/2015,51.125,28.75,15.7375
27/4/2015,53,30.125,17.5875
28/4/2015,48.25,31,12.5125
29/4/2015,47.25,31.25,9.025
30/4/2015,44.75,32.625,15.05
1/5/2015,43.5,31.25,5.3375
2/5/2015,40.25,30.125,4.4
3/5/2015,39.25,31,3.0125
4/5/2015,39.25,30.875,3.9375
5/5/2015,31.125,32.125,7.65
6/5/2015,22,34.125,11.3625
7/5/2015,13.42857143,35.42857143,15.34285714
8/5/2015,22.375,34.125,12.275
9/5/2015,27,35.125,8.3375
10/5/2015,25,35.125,6.9625
11/5/2015,32.625,34,10.8875
12/5/2015,46,33.125,6.0375
13/5/2015,61,27.75,6.7125
14/5/2015,49.625,29.625,4.4125
15/5/2015,52.125,28.5,7.175
16/5/2015,51.625,30,4.1625
17/5/2015,40.375,33.25,8.35
18/5/2015,35.75,35.375,5.5625
19/5/2015,44,31.5,14.8125
20/5/2015,31.625,33.125,14.6
21/5/2015,24.625,35.625,11.3375
22/5/2015,19.5,36.25,12.5125
23/5/2015,21.75,37.375,12.725
24/5/2015,29.25,36,5.1
25/5/2015,22.25,37.75,10.875
26/5/2015,26.625,35.25,17.125
27/5/2015,20.5,33.75,6.7125
28/5/2015,29.5,34.75,8.3375
29/5/2015,27.25,35.125,8.125
30/5/2015,38.75,32.25,12.2625
31/5/2015,25,34.25,14.5875
1/6/2015,41.75,29.375,12.5125
2/6/2015,39.25,31.625,8.575
3/6/2015,50.5,28.625,6.725
4/6/2015,48.375,31.875,4.8625
5/6/2015,39.875,32.625,6.0125
6/6/2015,39.75,33.375,7.8625
7/6/2015,36.25,35,7.175
8/6/2015,33,36.5,6.25
9/6/2015,23.875,37.625,18.75
10/6/2015,32.28571429,36.625,18.05
11/6/2015,34.75,35.625,18.2875
12/6/2015,34.625,35.875,12.7375
13/6/2015,48.125,31.125,10.1875
14/6/2015,77.625,27,3.95
15/6/2015,60.75,31,3.0125
16/6/2015,52.125,32.375,2.7875
17/6/2015,49.75,33.875,3.25
18/6/2015,45.125,35.125,3.0125
19/6/2015,46.75,35.875,8.575
20/6/2015,48.5,33.125,12.975
21/6/2015,63.625,30.375,8.1125
22/6/2015,59.5,32.125,4.4
23/6/2015,61.625,31.5,6.0125
24/6/2015,63.875,37.25,6.5
25/6/2015,82.75,26.625,6.2625
26/6/2015,54.25,31.125,11.5625
27/6/2015,48.25,32.625,14.1125
28/6/2015,47.5,34.25,9.0375
29/6/2015,56.625,31.125,11.5625
30/6/2015,58.625,30.875,9.9625
1/7/2015,53.25,32,4.175
2/7/2015,45.875,33.75,6.95
3/7/2015,49,33,14.35
4/7/2015,51.5,34.125,16.9
5/7/2015,47.28571429,35.71428571,14.01428571
6/7/2015,83.25,27.875,9.275
7/7/2015,86.125,28.125,1.85
8/7/2015,72,31.25,2.775
9/7/2015,77.25,29.625,2.55
10/7/2015,92.125,26.625,6.025
11/7/2015,98,25.5,3.2375
12/7/2015,94.75,25.5,7.425
13/7/2015,73.125,29.875,4.8625
14/7/2015,67.875,30.875,10.875
15/7/2015,52.875,33.375,17.1375
16/7/2015,61.375,31.75,13.4375
17/7/2015,75.625,30.75,4.4
18/7/2015,78.875,29.5,4.175
19/7/2015,70,30.125,0.7
20/7/2015,78,29.125,4.8625
21/7/2015,69.25,31.375,8.125
22/7/2015,64.125,32.25,7.875
23/7/2015,64.875,32.125,8.575
24/7/2015,64.75,32,6.7125
25/7/2015,71,30.85714286,19.9125
26/7/2015,71.625,30,16.8875
27/7/2015,69,29.625,11.3375
28/7/2015,61,29.5,11.5875
29/7/2015,68.125,28.5,10.875
30/7/2015,67.75,29,9.9625
31/7/2015,71,29,4.175
1/8/2015,71.75,28.25,0.925
2/8/2015,69.5,29.625,2.55
3/8/2015,58.625,31.5,5.325
4/8/2015,77.78571429,29.42857143,4.771428571
5/8/2015,79.65625,29.59375,8.221875
6/8/2015,79.125,29.5,3.025
7/8/2015,83,29.25,2.3125
8/8/2015,84.875,28.875,1.625
9/8/2015,90.125,27.375,3.0125
10/8/2015,77,30.375,0
11/8/2015,86.625,28.375,0.4625
12/8/2015,74.25,30.75,0
13/8/2015,69.5,32,0.4625
14/8/2015,72.625,30.875,3.475
15/8/2015,85.5,28.5,0
16/8/2015,82.625,28.625,1.85
17/8/2015,72.625,30.75,0.7
18/8/2015,72.875,29.125,4.875
19/8/2015,61.25,31.25,33.325
20/8/2015,58.625,30.75,14.6
21/8/2015,72,29.375,8.575
22/8/2015,65.375,30.25,5.8
23/8/2015,69.375,29.875,5.5625
24/8/2015,65.625,30.75,7.1875
25/8/2015,57.28571429,32,10.07142857
26/8/2015,61,32,4.8625
27/8/2015,61,32.5,5.325
28/8/2015,63.5,32,2.3125
29/8/2015,58,32.25,5.8125
30/8/2015,56.5,32.625,9.275
31/8/2015,54.42857143,31.85714286,13.48571429
1/9/2015,47.625,32.125,15.275
2/9/2015,45.625,31.875,12.7375
3/9/2015,49.125,31.625,10.1875
4/9/2015,42.625,32,11.35
5/9/2015,47.25,30.875,7.6375
6/9/2015,41.8,31.25,7.6375
7/9/2015,46.375,31.5,9.4875
8/9/2015,47,31.625,11.8125
9/9/2015,47.875,31,10.1875
10/9/2015,46.5,31.25,8.575
11/9/2015,49.75,30.75,6.0125
12/9/2015,54.42857143,32.14285714,3.171428571
13/9/2015,55.25,32.125,1.3875
14/9/2015,54.375,31.875,2.55
15/9/2015,55,33,0.4625
16/9/2015,55,32.375,1.4
17/9/2015,58.375,31.375,1.1625
18/9/2015,67.625,31,7.4125
19/9/2015,74.25,30.625,2.0875
20/9/2015,69.14285714,29.14285714,5.557142857
21/9/2015,64.5,30.125,5.8
22/9/2015,64.375,30.25,10.1875
23/9/2015,61.25,28.625,13.675
24/9/2015,52.375,28.25,11.575
25/9/2015,49.375,28.5,8.575
26/9/2015,53.5,29.25,6.25
27/9/2015,58.14285714,28.71428571,2.914285714
28/9/2015,58.5,28.25,3.9375
29/9/2015,54.57142857,29,9.528571429
30/9/2015,46.875,29,8.3375
1/10/2015,51.25,28.125,5.575
2/10/2015,53.71428571,28.28571429,14.5875
3/10/2015,52.33333333,30,18.78571429
4/10/2015,54.375,29,3.025
5/10/2015,59.375,28.875,1.3875
6/10/2015,61.125,28.375,4.6375
7/10/2015,65.75,28.625,6.475
8/10/2015,65.125,28.375,4.4125
9/10/2015,59.75,28.5,6.025
10/10/2015,54.625,28.5,6.7125
11/10/2015,51.57142857,28.57142857,6.885714286
12/10/2015,54.125,29.25,3.25
13/10/2015,62.875,29.5,3.725
14/10/2015,63.625,28.125,4.875
15/10/2015,66,27.5,0.4625
16/10/2015,62.625,27.875,0.925
17/10/2015,63.75,28,3.7125
18/10/2015,71.71428571,26.85714286,11.1125
19/10/2015,66.28571429,28.14285714,3.457142857
20/10/2015,64.85714286,27.71428571,2.914285714
21/10/2015,62.125,26.5,2.0875
22/10/2015,56,24.75,4.4
23/10/2015,51.625,24,4.8625
24/10/2015,53.25,24.875,1.4
25/10/2015,47.125,26.375,5.575
26/10/2015,52.125,25.625,5.575
27/10/2015,54.25,24.75,3.475
28/10/2015,57.25,20.875,7.875
29/10/2015,63.5,22.125,1.85
30/10/2015,67.25,22.375,1.625
31/10/2015,69.375,22.375,1.1625
1/11/2015,70.5,22.875,0.925
2/11/2015,71.375,23.375,0.4625
3/11/2015,67.875,24,0.475
4/11/2015,69,23.75,0.925
5/11/2015,75.25,22.125,5.1
6/11/2015,74.375,22.875,2.325
7/11/2015,74.875,21.875,1.1625
8/11/2015,70.25,21.875,1.8625
9/11/2015,73.625,21.75,0.7
10/11/2015,72.625,22.75,0.7
11/11/2015,59.5,21.875,4.6375
12/11/2015,60.5,21.875,5.7875
13/11/2015,59.375,22.375,5.325
14/11/2015,59.625,22.375,3.475
15/11/2015,62,22.5,0
16/11/2015,50.375,21.875,2.7875
17/11/2015,48.375,19.875,5.1
18/11/2015,57.625,18.5,4.4
19/11/2015,64.75,18.5,0.925
20/11/2015,66,18.5,0.4625
21/11/2015,67.625,18.75,1.3875
22/11/2015,64.875,18.625,0.4625
23/11/2015,73.5,17,0
24/11/2015,63,18.5,1.625
25/11/2015,56.375,19.375,5.7875
26/11/2015,59.5,20,0.925
27/11/2015,66.25,18.5,2.55
28/11/2015,82.125,18.75,1.1625
29/11/2015,81.25,18.125,1.1625
30/11/2015,82.375,19.5,0.925
1/12/2015,78.75,19.25,1.625
2/12/2015,72.125,18.125,2.0875
3/12/2015,70.25,17.625,7.1875
4/12/2015,67.5,17.625,4.6375
5/12/2015,72.375,17.5,0.925
6/12/2015,75.875,17.125,1.4
7/12/2015,76.875,17.625,2.3125
8/12/2015,71.28571429,18.42857143,1.057142857
9/12/2015,78.125,18.375,3.475
10/12/2015,77.25,19,2.0875
11/12/2015,77.875,17.25,5.1
12/12/2015,91,13.25,4.4
13/12/2015,67,12.875,3.475
14/12/2015,63.625,13.25,7.4
15/12/2015,63.875,13.125,5.325
16/12/2015,65.5,13,1.1625
17/12/2015,73.625,12.25,0.925
18/12/2015,71.25,12.875,4.4
19/12/2015,71.875,12.375,3.4875
20/12/2015,70.25,11.75,1.1625
21/12/2015,74.75,12.625,1.3875
22/12/2015,79.875,12,0.7
23/12/2015,81.375,12.5,3.4875
24/12/2015,68.625,11.25,6.025
25/12/2015,66.125,11.5,5.5625
26/12/2015,64.5,12.75,6.4875
27/12/2015,63.25,15.375,7.8875
28/12/2015,58.125,17.125,10.8875
29/12/2015,65,16.375,7.4125
30/12/2015,71.75,15.5,2.1
31/12/2015,71.375,15,2.0875
1/1/2016,72.28571429,14.71428571,1.057142857
2/1/2016,75.875,14,2.0875
3/1/2016,74.75,14.375,5.1125
4/1/2016,77.125,15.75,0
5/1/2016,88.83333333,15.83333333,0.616666667
6/1/2016,81.625,17.375,2.3125
7/1/2016,87,17.125,0
8/1/2016,83.25,15.5,7.8875
9/1/2016,65.14285714,15.85714286,8.471428571
10/1/2016,74.375,15.625,2.775
11/1/2016,74.875,15.75,1.625
12/1/2016,69.6875,18,6.03125
13/1/2016,75.8,18.26666667,5.08
14/1/2016,80.4375,15.5625,4.3
15/1/2016,84.1875,13,10.775
16/1/2016,80.06666667,13.6,11.24
17/1/2016,77.66666667,14,2.106666667
18/1/2016,80.46666667,13.26666667,1.48
19/1/2016,88.57142857,12.35714286,4.65
20/1/2016,84.2,12.06666667,6.193333333
21/1/2016,73.1875,12.1875,7.8875
22/1/2016,83.4,11.73333333,3.586666667
23/1/2016,75.875,14.4375,3.25
24/1/2016,86.25,11.1875,6.625
25/1/2016,75.4,11.66666667,4.58
26/1/2016,79.6875,14.5625,2.55
27/1/2016,69.16666667,17.58333333,4.025
28/1/2016,69.35714286,16.85714286,5.028571429
29/1/2016,70.625,19.5625,2.54375
30/1/2016,78.5,20.14285714,1.2
31/1/2016,78.25,17.375,7.7625
1/2/2016,65.76923077,15.84615385,7.269230769
2/2/2016,55.86666667,15.26666667,8.893333333
3/2/2016,66.5,13.125,7.622222222
4/2/2016,53,16.36363636,6.941666667
5/2/2016,70.66666667,12.66666667,2.166666667
6/2/2016,69.5,15.33333333,3.7
7/2/2016,77,15.625,2.7875
8/2/2016,67.18181818,17.09090909,5.9
9/2/2016,67.46153846,17.76923077,5.846153846
10/2/2016,64.86666667,18.13333333,2.1
11/2/2016,54.75,19.6875,6.03125
12/2/2016,57.86666667,19.2,0.746666667
13/2/2016,62.13333333,17.06666667,5.806666667
14/2/2016,61.92857143,17.64285714,8.071428571
15/2/2016,59.53333333,17.6,5.94
16/2/2016,56.14285714,18.21428571,5.435714286
17/2/2016,59.28571429,18.71428571,3.707142857
18/2/2016,76,19.46666667,5.186666667
19/2/2016,70.23076923,23.15384615,4.146153846
20/2/2016,73.125,23.625,11.11875
21/2/2016,61.125,21,17.1375
22/2/2016,51.42857143,21,15.20714286
23/2/2016,50.64285714,21.42857143,9.785714286
24/2/2016,58.0625,21.6875,2.44375
25/2/2016,57.5,22.5625,5.3375
26/2/2016,55.6,22.8,2.48
27/2/2016,59,22.8,3.333333333
28/2/2016,63.0625,23,3.7125
29/2/2016,63.9375,23.875,3.7125
1/3/2016,57.41666667,24.91666667,1.7
2/3/2016,57.06666667,24.93333333,1.733333333
3/3/2016,55.61538462,26,4.292307692
4/3/2016,44.25,27.3125,6.14375
5/3/2016,57.13333333,23.93333333,11
6/3/2016,66.5625,22.8125,5.21875
7/3/2016,64.14285714,23.71428571,5.171428571
8/3/2016,60.21428571,23.42857143,6.742857143
9/3/2016,57.5625,24,9.375
10/3/2016,57.4375,25.5625,7.98125
11/3/2016,67.8,25.06666667,6.546666667
12/3/2016,66.9375,24.5625,9.4875
13/3/2016,65.1875,24.25,6.84375
14/3/2016,66,22.375,6.275
15/3/2016,58.93333333,24.06666667,8.646666667
16/3/2016,53.75,23.9375,10.88125
17/3/2016,50.3125,26.3125,6.84375
18/3/2016,61.25,26.1875,6.7125
19/3/2016,61.85714286,26.78571429,3.578571429
20/3/2016,58.73333333,27.13333333,2.846666667
21/3/2016,43.375,26.625,12.2625
22/3/2016,37.875,25.0625,22.1
23/3/2016,43.26666667,26.2,10.64166667
24/3/2016,46.86666667,28.13333333,3.213333333
25/3/2016,50.1875,29.875,3.36875
26/3/2016,62.66666667,24.66666667,9.393333333
27/3/2016,53.6875,26.25,9.15625
28/3/2016,52.8,25.93333333,6.546666667
29/3/2016,47.75,27.125,7.29375
30/3/2016,39.78571429,29.57142857,7.021428571
31/3/2016,39.73333333,30,4.333333333
1/4/2016,38.21428571,30.57142857,12.03571429
2/4/2016,38.5625,32.3125,5.4625
3/4/2016,44.25,33.3125,2.55
4/4/2016,33.125,32.8125,8
5/4/2016,29.3125,32.3125,9.26875
6/4/2016,33.125,31.375,3.475
7/4/2016,37,29.93333333,10.85
8/4/2016,36,29.26666667,4.686666667
9/4/2016,32.46666667,30.73333333,12.61875
10/4/2016,29,32.25,5.225
11/4/2016,35,29.8,16.04
12/4/2016,36.2,30.2,19.38
13/4/2016,28.0625,31.75,18.64375
14/4/2016,23.875,33.125,10.425
15/4/2016,25.375,33.625,9.8375
16/4/2016,23.6875,35.6875,11.1125
17/4/2016,23.86666667,34.66666667,9.386666667
18/4/2016,30.125,34.625,7.175
19/4/2016,33.6,34,4.566666667
20/4/2016,25.9375,34.0625,14.01875
21/4/2016,24.66666667,34,15.75
22/4/2016,24.25,33.25,8.35
23/4/2016,21.81818182,31.91666667,19.65384615
24/4/2016,22.125,31.3125,10.1875
25/4/2016,22.8125,31.75,6.95
26/4/2016,25.1875,33.4375,3.83125
27/4/2016,29.0625,33.125,4.98125
28/4/2016,21.76923077,34.15384615,11.82307692
29/4/2016,23.28571429,34.07142857,9.123076923
30/4/2016,25.5625,33.0625,5.2125
1/5/2016,23.375,34.6875,8.575
2/5/2016,18.46666667,38,9.513333333
3/5/2016,30.375,35.5,6.49375
4/5/2016,31.85714286,33.71428571,10.46428571
5/5/2016,42,30.6,11.24666667
6/5/2016,37.4375,31.4375,8.225
7/5/2016,37.1875,33.3125,4.65
8/5/2016,36.33333333,35.13333333,7.293333333
9/5/2016,40.6,33.53333333,18.425
10/5/2016,39.75,34,10.55625
11/5/2016,49.9375,32.5,7.775
12/5/2016,40,35.375,5.1
13/5/2016,28.11764706,37.29411765,8.070588235
14/5/2016,31.875,36.5625,4.16875
15/5/2016,29.5,37.25,4.75
16/5/2016,23.5,37.21428571,9.02
17/5/2016,25.8125,37.5,9.6125
18/5/2016,27.625,37.75,8.45
19/5/2016,40.5,37.375,9.3875
20/5/2016,44.2,37.4,8.413333333
21/5/2016,45.4,36.13333333,10.87333333
22/5/2016,44.8,36.8,6.553333333
23/5/2016,47.92857143,32.21428571,14.95
24/5/2016,53.52631579,31.52631579,8.494736842
25/5/2016,46.60869565,33.2173913,10.16086957
26/5/2016,44.57692308,35.26923077,15.17692308
27/5/2016,26.09090909,38.27272727,15.31818182
28/5/2016,37.25,36.0625,14.40555556
29/5/2016,57.0625,31.5,11.68125
30/5/2016,74.8125,26.8125,9.4875
31/5/2016,51.21428571,32.64285714,7.407142857
1/6/2016,42.2,36,9.133333333
2/6/2016,35.3125,37.5625,11.93125
3/6/2016,40.6875,37.5625,2.78125
4/6/2016,42.06666667,38.2,3.206666667
5/6/2016,51.75,36.16666667,8.5
6/6/2016,45.71428571,35.42857143,11
7/6/2016,59.1875,34.625,21.30625
8/6/2016,44.64285714,36.07142857,8.485714286
9/6/2016,43.73333333,35.73333333,9.26
10/6/2016,41.86666667,36.13333333,10.08125
11/6/2016,49.9375,33.4375,8.8125
12/6/2016,37.125,35.5,9.1625
13/6/2016,43.3125,36,12.85
14/6/2016,55.125,32.625,11.86
15/6/2016,48.86666667,34.73333333,10.51333333
16/6/2016,51.28571429,33.5,11.39285714
17/6/2016,52.25,34.1875,7.425
18/6/2016,50.57142857,35.85714286,10.85714286
19/6/2016,53.25,35.625,9.3875
20/6/2016,73.9375,30.9375,7.64375
21/6/2016,62.1875,32.875,8.91875
22/6/2016,60.8125,33.125,7.41875
23/6/2016,51.61538462,33.84615385,5.875
24/6/2016,46.5625,36.4375,7.7625
25/6/2016,55.92857143,35.42857143,9.664285714
26/6/2016,57.46666667,34.86666667,7.66
27/6/2016,61.25,34.3125,7.99375
28/6/2016,75.07142857,30.78571429,5.435714286
29/6/2016,58.875,35.375,8.45
30/6/2016,60.2,35.46666667,6.793333333
1/7/2016,73.4,32.125,8.35
2/7/2016,80,28.4,5.23125
3/7/2016,78.125,29.5625,1.96875
4/7/2016,76.3125,30.6875,3.48125
5/7/2016,68.6875,33.25,5.3375
6/7/2016,64.06666667,33.26666667,8.878571429
7/7/2016,63,33.5,5.91875
8/7/2016,75.86666667,30.8,5.433333333
9/7/2016,66.0625,33.25,6.73125
10/7/2016,65.6875,32.5625,4.7
11/7/2016,71.9375,31.5,8.046666667
12/7/2016,80.1875,30.5,5.5625
13/7/2016,76.3125,31.25,6.806666667
14/7/2016,80.4375,30.4375,5.21875
15/7/2016,78.0625,31,7.271428571
16/7/2016,93.875,27.125,4.371428571
17/7/2016,86.5625,28.125,6.6
18/7/2016,91.26666667,27.66666667,7.653333333
19/7/2016,69.125,32.3125,13.65625
20/7/2016,59.5625,34.1875,12.9625
21/7/2016,56.86666667,34.13333333,11.48
22/7/2016,56.125,34.125,8.6875
23/7/2016,66,31.875,7.76875
24/7/2016,72.25,31.4375,2.43125
25/7/2016,69.125,31.9375,2.9125
26/7/2016,82,30.3125,6.485714286
27/7/2016,88.25,28.3125,4.29375
28/7/2016,81.33333333,29.53333333,5.186666667
29/7/2016,92.4375,27.375,2.43125
30/7/2016,92.26666667,27.33333333,1.86
31/7/2016,83.13333333,29.26666667,4.7
1/8/2016,84.25,29.125,5.9125
2/8/2016,72.125,30.6875,6.375
3/8/2016,63.5625,32.5625,5.45
4/8/2016,63.88888889,33.11111111,7.927777778
5/8/2016,61.66666667,33.8,4.32
6/8/2016,76,30.06666667,6.926666667
7/8/2016,65.17647059,33.11764706,7.852941176
8/8/2016,62.38095238,33.80952381,9.440909091
9/8/2016,71.65384615,31.61538462,9.55
10/8/2016,71.25925926,32,10.15925926
11/8/2016,89.46428571,28.10714286,7.821428571
12/8/2016,85,29.03571429,3.848148148
13/8/2016,77.07142857,30.32142857,3.22962963
14/8/2016,83.7,28.93333333,6.37
15/8/2016,67.64285714,31.67857143,12.725
16/8/2016,66.41666667,31.33333333,14.66666667
17/8/2016,72.5,29.92857143,6.325
18/8/2016,79.81481481,29.88888889,1.722222222
19/8/2016,68.28571429,32.07142857,1.917857143
20/8/2016,66.48148148,33.18518519,10.36666667
21/8/2016,68.07407407,31.59259259,10.02222222
22/8/2016,65.55555556,32.18518519,8.237037037
23/8/2016,70.08,31.48,6.084
24/8/2016,79.28571429,30.17857143,8.419230769
25/8/2016,72.44,31.52,6.276923077
26/8/2016,73.81481481,31.22222222,4.392592593
27/8/2016,70.28571429,31.78571429,7.15
28/8/2016,66.24,33.4,7.272
29/8/2016,82.32142857,29.57142857,5.825
30/8/2016,76.8,30.04,8.903846154
31/8/2016,89.55555556,27.25925926,6.72962963
1/9/2016,87.24,27.96,4.148
2/9/2016,71.73913043,30.73913043,13.20434783
3/9/2016,62.68421053,30.89473684,13.26315789
4/9/2016,59.30769231,31.69230769,11.12307692
5/9/2016,60.30769231,31.07692308,13.96153846
6/9/2016,55,30.375,13.4375
7/9/2016,57.7,31.1,9.1
8/9/2016,58,31.91666667,10.80833333
9/9/2016,56.66666667,30.55555556,11.52222222
10/9/2016,58.23076923,31.23076923,11.96923077
11/9/2016,56.4,31,8.15
12/9/2016,55.5,31.64285714,10.85
13/9/2016,57.06666667,32.53333333,8.526666667
14/9/2016,70.35714286,30.85714286,4.235714286
15/9/2016,59.63636364,31.72727273,11.9
16/9/2016,58,31.4,3.52
17/9/2016,58,32.30769231,2.707692308
18/9/2016,58.83333333,32.25,17.90833333
19/9/2016,59.45833333,32.375,2.0875
20/9/2016,54.07407407,33.44444444,2.569230769
21/9/2016,58.96,33.36,6.092
22/9/2016,67.62962963,30.03703704,8.107407407
23/9/2016,66.10714286,31,3.571428571
24/9/2016,66.48,31.24,5.496153846
25/9/2016,62.30434783,31.13043478,3.147826087
26/9/2016,60.88,31.48,2.986956522
27/9/2016,57.81481481,32.18518519,1.780769231
28/9/2016,55.28,32.44,2.52
29/9/2016,61.31818182,32.22727273,3.963636364
30/9/2016,59.35714286,32.21428571,2.582142857
1/10/2016,61.91666667,32.54166667,3.170833333
2/10/2016,61.81481481,32.81481481,4.122222222
3/10/2016,59.57692308,33.26923077,3.992592593
4/10/2016,69.81481481,30.55555556,5.77037037
5/10/2016,71.875,28.83333333,3.325
6/10/2016,64.81481481,30.7037037,3.233333333
7/10/2016,59.96,30.96,15.825
8/10/2016,57.96,30.6,8.761538462
9/10/2016,59.2,30.92,3.184
10/10/2016,51.11111111,29.77777778,4.807407407
11/10/2016,51.14814815,29.66666667,8.922222222
12/10/2016,47.28571429,29.57142857,11.37142857
13/10/2016,44,29.96296296,13.02222222
14/10/2016,47.875,29.75,8.934782609
15/10/2016,54.14814815,27.74074074,6.662962963
16/10/2016,49.85714286,28.42857143,7.014285714
17/10/2016,49.24,28.6,7.116
18/10/2016,48.45833333,28.5,7.668181818
19/10/2016,49.18518519,28.92592593,6.459259259
20/10/2016,47.73076923,29.07692308,9.124
21/10/2016,50.40909091,28.40909091,10.69545455
22/10/2016,49.48148148,29.33333333,13.32307692
23/10/2016,54.96153846,27.5,11.54615385
24/10/2016,51.42307692,28.5,11.18846154
25/10/2016,54.56,28.04,12.38846154
26/10/2016,56.19230769,27.57692308,5.7
27/10/2016,59.37037037,26.55555556,6.044444444
28/10/2016,58.77777778,25.51851852,7.277777778
29/10/2016,62.77777778,25.81481481,1.714814815
30/10/2016,71.04347826,24.82608696,2.013043478
31/10/2016,66.80769231,24.53846154,1.642307692
1/11/2016,58.73076923,24.38461538,2.715384615
2/11/2016,65.90909091,23.72727273,1.431818182
3/11/2016,59.76,25.64,2.232
4/11/2016,58.2962963,24.81481481,4.122222222
5/11/2016,66.57692308,23.11538462,5.784615385
6/11/2016,63.85185185,22.92592593,2.411111111
7/11/2016,51.31818182,24.54545455,8.172727273
8/11/2016,52.26923077,23.73076923,12.75
9/11/2016,49.7037037,23,7.074074074
10/11/2016,50.14814815,23.51851852,3.225925926
11/11/2016,54.04,23.92,2.968
12/11/2016,58.03846154,23.53846154,2.784615385
13/11/2016,55.81481481,24.2962963,4.4
14/11/2016,60.73076923,23.34615385,1.496153846
15/11/2016,55.72,22.24,4.088
16/11/2016,53.23076923,21.76923077,7.138461538
17/11/2016,51.73076923,21.73076923,11.55
18/11/2016,53.61538462,21.73076923,7.78
19/11/2016,60.66666667,20.66666667,2.84
20/11/2016,59.9,22.25,2.505
21/11/2016,60.46153846,21.53846154,2.715384615
22/11/2016,50.15789474,22.57894737,8
23/11/2016,51.43478261,22.82608696,6.604347826
24/11/2016,51.47368421,21.42105263,8.289473684
25/11/2016,30.55,23.6,15.085
26/11/2016,32.64705882,24.29411765,14.49411765
27/11/2016,33.63636364,23.63636364,12.45909091
28/11/2016,37.31818182,22.45454545,9.185714286
29/11/2016,53.72222222,21.61111111,1.238888889
30/11/2016,80.08695652,19.86956522,4.269565217
1/12/2016,84,19.75,2.704166667
2/12/2016,75.875,19.20833333,4.945833333
3/12/2016,52.16666667,21.20833333,5.866666667
4/12/2016,55.25,18.9,5.666666667
5/12/2016,56.59090909,18.63636364,4.952380952
6/12/2016,69.92307692,18.53846154,2.503846154
7/12/2016,74.35,18.25,0.925
8/12/2016,73.3,16.9,1.765
9/12/2016,68.125,19.41666667,1.3125
10/12/2016,82.83333333,16.44444444,5.355555556
11/12/2016,69.58333333,20.04166667,4.716666667
12/12/2016,63.86363636,19.90909091,3.281818182
13/12/2016,62.35,19.05,3.43
14/12/2016,58.61111111,18.55555556,8.027777778
15/12/2016,56.625,18.16666667,9.879166667
16/12/2016,63.27777778,15.83333333,3.916666667
17/12/2016,63.38888889,17.5,6.731578947
18/12/2016,64.54166667,16.08333333,6.420833333
19/12/2016,56.0952381,17.85714286,10.41428571
20/12/2016,48.53333333,19.8,15.92666667
21/12/2016,54.3,18.05,19.4047619
22/12/2016,57.85714286,17.28571429,6.180952381
23/12/2016,74.7,15.55,1.205
24/12/2016,78.63636364,17.31818182,5.236363636
25/12/2016,94.3,14,9.085
26/12/2016,74.85714286,17.14285714,8.784210526
27/12/2016,67.55,16.85,8.335
28/12/2016,68.04347826,17.2173913,3.547826087
29/12/2016,87.85714286,15.23809524,6
30/12/2016,89.66666667,14.0952381,6.266666667
31/12/2016,87,15.05263158,7.325
1/1/2017,100,10,0
Grand Total,88848.22771,37274.4512,9944.829189
